text,course_content,teaching_quality,assessment,resources,infrastructure,clean_text
The syllabus is very well structured and covers all important topics.,positive,none,none,none,none,syllabus well structured cover important topic
Course material is up to date and highly relevant to industry.,positive,none,none,none,none,course material date highly relevant industry
Topics are explained in great depth with real-world examples.,positive,none,none,none,none,topic explained great depth realworld example
"The curriculum is excellent, very comprehensive.",positive,none,none,none,none,curriculum excellent comprehensive
"Course content is amazing, covers both theory and practice.",positive,none,none,none,none,course content amazing cover theory practice
The syllabus is outdated and not useful for placements.,negative,none,none,none,none,syllabus outdated useful placement
Topics covered in class are irrelevant and poorly chosen.,negative,none,none,none,none,topic covered class irrelevant poorly chosen
The course content is too basic and lacks depth.,negative,none,none,none,none,course content basic lack depth
Curriculum does not match current industry requirements.,negative,none,none,none,none,curriculum match current industry requirement
The subjects taught are boring and of no practical use.,negative,none,none,none,none,subject taught boring practical use
The professor explains concepts very clearly and patiently.,none,positive,none,none,none,professor explains concept clearly patiently
Faculty is very knowledgeable and always willing to help.,none,positive,none,none,none,faculty knowledgeable always willing help
"Teaching is excellent, the instructor makes every class engaging.",none,positive,none,none,none,teaching excellent instructor make every class engaging
The teacher is very approachable and gives great feedback.,none,positive,none,none,none,teacher approachable give great feedback
Lectures are interactive and the professor is very supportive.,none,positive,none,none,none,lecture interactive professor supportive
The professor rushes through topics without explanation.,none,negative,none,none,none,professor rush topic without explanation
Faculty is unapproachable and does not respond to queries.,none,negative,none,none,none,faculty unapproachable respond query
"Teaching quality is very poor, instructor just reads slides.",none,negative,none,none,none,teaching quality poor instructor read slide
The teacher is not prepared for class and wastes our time.,none,negative,none,none,none,teacher prepared class waste time
Lectures are boring and the professor shows no interest in students.,none,negative,none,none,none,lecture boring professor show interest student
Exams are fair and test actual understanding of concepts.,none,none,positive,none,none,exam fair test actual understanding concept
Assignments are challenging but very useful for learning.,none,none,positive,none,none,assignment challenging useful learning
The grading system is transparent and fair.,none,none,positive,none,none,grading system transparent fair
Quizzes help reinforce what we learn in class.,none,none,positive,none,none,quiz help reinforce learn class
The evaluation is balanced between theory and practical work.,none,none,positive,none,none,evaluation balanced theory practical work
Exams are extremely difficult and not aligned with what is taught.,none,none,negative,none,none,exam extremely difficult aligned taught
Too many assignments with unrealistic deadlines.,none,none,negative,none,none,many assignment unrealistic deadline
Grading is very strict and subjective.,none,none,negative,none,none,grading strict subjective
"The exam paper was out of syllabus, very unfair.",none,none,negative,none,none,exam paper syllabus unfair
Assessment methods are outdated and do not test real skills.,none,none,negative,none,none,assessment method outdated test real skill
The library has excellent books and journals for reference.,none,none,none,positive,none,library excellent book journal reference
Online study materials provided are very helpful.,none,none,none,positive,none,online study material provided helpful
Reference materials and e-resources are well organized.,none,none,none,positive,none,reference material eresources well organized
The college provides access to great research databases.,none,none,none,positive,none,college provides access great research database
Study materials and handouts are very comprehensive.,none,none,none,positive,none,study material handout comprehensive
Library lacks important textbooks and reference material.,none,none,none,negative,none,library lack important textbook reference material
Online resources are outdated and poorly maintained.,none,none,none,negative,none,online resource outdated poorly maintained
No proper study material is provided by teachers.,none,none,none,negative,none,proper study material provided teacher
The college does not have sufficient books or journals.,none,none,none,negative,none,college sufficient book journal
Digital resources are inaccessible and poorly organized.,none,none,none,negative,none,digital resource inaccessible poorly organized
The classrooms are spacious and well equipped with projectors.,none,none,none,none,positive,classroom spacious well equipped projector
Labs have modern computers and fast internet connection.,none,none,none,none,positive,lab modern computer fast internet connection
The campus infrastructure is excellent and well maintained.,none,none,none,none,positive,campus infrastructure excellent well maintained
Facilities like wifi and smart boards are very good.,none,none,none,none,positive,facility like wifi smart board good
The computer lab is well maintained with latest software.,none,none,none,none,positive,computer lab well maintained latest software
Lab equipment is old and breaks down frequently.,none,none,none,none,negative,lab equipment old break frequently
Classrooms are too small and overcrowded.,none,none,none,none,negative,classroom small overcrowded
Internet connection in campus is very slow and unreliable.,none,none,none,none,negative,internet connection campus slow unreliable
The infrastructure is poorly maintained and outdated.,none,none,none,none,negative,infrastructure poorly maintained outdated
Computer lab has outdated machines that crash often.,none,none,none,none,negative,computer lab outdated machine crash often
Great course content but the exams are too tough.,positive,none,negative,none,none,great course content exam tough
Teaching is excellent but lab equipment is very poor.,none,positive,none,none,negative,teaching excellent lab equipment poor
Good study material but the grading is unfair.,none,none,negative,positive,none,good study material grading unfair
The professor is brilliant but the syllabus is outdated.,negative,positive,none,none,none,professor brilliant syllabus outdated
Exams are fair and facilities are great.,none,none,positive,none,positive,exam fair facility great
Course is well designed and faculty is supportive.,positive,positive,none,none,none,course well designed faculty supportive
Poor infrastructure and ineffective teaching quality.,none,negative,none,none,negative,poor infrastructure ineffective teaching quality
Assignments are helpful but internet is too slow on campus.,none,none,positive,none,negative,assignment helpful internet slow campus
Library resources are good but syllabus needs update.,negative,none,none,positive,none,library resource good syllabus need update
The teacher is good but exams are very difficult and unfair.,none,positive,negative,none,none,teacher good exam difficult unfair
"Excellent course content, good faculty, but poor labs.",positive,positive,none,none,negative,excellent course content good faculty poor lab
Grading is strict and study material is insufficient.,none,none,negative,negative,none,grading strict study material insufficient
"Overall the course is decent, nothing extraordinary.",neutral,neutral,none,none,none,overall course decent nothing extraordinary
Infrastructure is okay but could be improved.,none,none,none,none,neutral,infrastructure okay could improved
"Assignments are okay, not too hard not too easy.",none,none,neutral,none,none,assignment okay hard easy
The syllabus is good but teaching needs improvement.,positive,negative,none,none,none,syllabus good teaching need improvement
"Resources are average, labs need better equipment.",none,none,none,neutral,negative,resource average lab need better equipment
Faculty is great and the course content is also excellent.,positive,positive,none,none,none,faculty great course content also excellent
Lab facilities are good but the syllabus is very outdated.,negative,none,none,none,positive,lab facility good syllabus outdated
Good professors but too many assignments with short deadlines.,none,positive,negative,none,none,good professor many assignment short deadline
